<filetype binary="false" default_extension="zoop" description="zoop" name="zoop">
  <highlighting>
    <options>
      <option name="LINE_COMMENT" value="--" />
      <option name="COMMENT_START" value="--*" />
      <option name="COMMENT_END" value="*--" />
      <option name="HEX_PREFIX" value="" />
      <option name="NUM_POSTFIXES" value="" />
      <option name="HAS_BRACKETS" value="true" />
    </options>
    <keywords keywords="!:;$;-|;:!;:?;:?!;?!:;?:;@;de;elif;else;end;if;void;zoop;|-" ignore_case="true" />
    <keywords2 keywords="-&gt;;-&gt;|;&lt;-;&lt;-|" />
    <keywords3 keywords="bool;dec;int;string;type;udec;uint" />
    <keywords4 keywords="false;true" />
  </highlighting>
  <extensionMap>
    <mapping ext="zoop" />
  </extensionMap>
</filetype>